New York,New York
Los Angeles,California
Chicago,Illinois
Houston,Texas
Phoenix,Arizona
Philadelphia,Pennsylvania
San Antonio,Texas
San Diego,California
Dallas,Texas
San Jose,California
Austin,Texas
Jacksonville,Florida
Fort Worth,Texas
Columbus,Ohio
Charlotte,North Carolina
San Francisco,California
Indianapolis,Indiana
Seattle,Washington
Denver,Colorado
Washington,District of Columbia
Boston,Massachusetts
El Paso,Texas
Nashville,Tennessee
Detroit,Michigan
Oklahoma City,Oklahoma
Portland,Oregon
Las Vegas,Nevada
Memphis,Tennessee
Louisville,Kentucky
Baltimore,Maryland
Milwaukee,Wisconsin
Albuquerque,New Mexico
Tucson,Arizona
Fresno,California
Mesa,Arizona
Sacramento,California
Atlanta,Georgia
Kansas City,Missouri
Colorado Springs,Colorado
Omaha,Nebraska
Raleigh,North Carolina
Miami,Florida
Long Beach,California
Virginia Beach,Virginia
Oakland,California
Minneapolis,Minnesota
Tulsa,Oklahoma
Tampa,Florida
Arlington,Texas
New Orleans,Louisiana
Wichita,Kansas
Bakersfield,California
Cleveland,Ohio
Aurora,Colorado
Anaheim,California
Honolulu,Hawaii
Santa Ana,California
Riverside,California
Corpus Christi,Texas
Lexington,Kentucky
Henderson,Nevada
Stockton,California
St. Paul,Minnesota
Cincinnati,Ohio
St. Louis,Missouri
Pittsburgh,Pennsylvania
Greensboro,North Carolina
Lincoln,Nebraska
Anchorage,Alaska
Plano,Texas
Orlando,Florida
Irvine,California
Newark,New Jersey
Durham,North Carolina
Chula Vista,California
Toledo,Ohio
Fort Wayne,Indiana
St. Petersburg,Florida
Laredo,Texas
Jersey City,New Jersey
Chandler,Arizona
Madison,Wisconsin
Lubbock,Texas
Scottsdale,Arizona
Reno,Nevada
Buffalo,New York
Gilbert town,Arizona
Glendale,Arizona
North Las Vegas,Nevada
Winston-Salem,North Carolina
Chesapeake,Virginia
Norfolk,Virginia
Fremont,California
Garland,Texas
Irving,Texas
Hialeah,Florida
Richmond,Virginia
Boise City,Idaho
Spokane,Washington
Baton Rouge,Louisiana