Austin,Texas
Jacksonville,Florida
Fort Worth,Texas
Columbus,Ohio
Charlotte,North Carolina
San Francisco,California
Indianapolis,Indiana
Seattle,Washington
Denver,Colorado
Washington,District of Columbia
Boston,Massachusetts
El Paso,Texas
Nashville,Tennessee
Detroit,Michigan
Oklahoma City,Oklahoma
Portland,Oregon
Las Vegas,Nevada
Memphis,Tennessee
Louisville,Kentucky
Baltimore,Maryland
Milwaukee,Wisconsin
Albuquerque,New Mexico
Tucson,Arizona
Fresno,California
Mesa,Arizona
Sacramento,California
Atlanta,Georgia
Kansas City,Missouri
Colorado Springs,Colorado
Omaha,Nebraska
Raleigh,North Carolina
Miami,Florida
Long Beach,California
Virginia Beach,Virginia
Oakland,California
Minneapolis,Minnesota
Tulsa,Oklahoma
Tampa,Florida
Arlington,Texas
New Orleans,Louisiana